,car,p
0,False,0.45000735999999997
1,True,0.54999264
